<?xml version="1.0" encoding="iso-8859-1"?>
<Automato>
<Alfabeto s0="a" s1="b" s2="c" s3="d" s4="e" s5="f" s6="g" s7="h" s8="i" s9="j" s10="k" s11="l" s12="m" s13="n" s14="o" s15="p" s16="q" s17="r" s18="s" s19="t" s20="u" s21="v" s22="w" s23="x" s24="y" s25="z"/>
	<Arquivo id="1" tipo="Imagem" caminho="Files/4.jpg">
		<Palavra id="0">
			<q id="0" qp="q1">t</q>
			<q id="1" qp="q2">a</q>
			<q id="2" qp="q3">g</q>
			<q id="3" qp="q4">1</q>
		</Palavra>
		<Palavra id="1">
			<q id="0" qp="q1">t</q>
			<q id="1" qp="q2">a</q>
			<q id="2" qp="q3">g</q>
			<q id="3" qp="q4">2</q>
		</Palavra>
		<Palavra id="2">
			<q id="0" qp="q1">t</q>
			<q id="1" qp="q2">a</q>
			<q id="2" qp="q3">g</q>
			<q id="3" qp="q4">3</q>
		</Palavra>
	</Arquivo>
	<Arquivo id="2" tipo="Imagem" caminho="Files/Desert.jpg">
		<Palavra id="0">
			<q id="0" qp="q1">d</q>
			<q id="1" qp="q2">e</q>
			<q id="2" qp="q3">s</q>
			<q id="3" qp="q4">e</q>
			<q id="4" qp="q5">r</q>
			<q id="5" qp="q6">t</q>
			<q id="6" qp="q7">o</q>
		</Palavra>
		<Palavra id="1">
			<q id="0" qp="q1">a</q>
			<q id="1" qp="q2">r</q>
			<q id="2" qp="q3">e</q>
			<q id="3" qp="q4">i</q>
			<q id="4" qp="q5">a</q>
		</Palavra>
		<Palavra id="2">
			<q id="0" qp="q1">d</q>
			<q id="1" qp="q2">u</q>
			<q id="2" qp="q3">n</q>
			<q id="3" qp="q4">a</q>
			<q id="4" qp="q5">s</q>
		</Palavra>
	</Arquivo>
	<Arquivo id="3" tipo="Imagem" caminho="Files/Koala.jpg">
		<Palavra id="0">
			<q id="0" qp="q1">k</q>
			<q id="1" qp="q2">o</q>
			<q id="2" qp="q3">a</q>
			<q id="3" qp="q4">l</q>
			<q id="4" qp="q5">a</q>
		</Palavra>
		<Palavra id="1">
			<q id="0" qp="q1">a</q>
			<q id="1" qp="q2">n</q>
			<q id="2" qp="q3">i</q>
			<q id="3" qp="q4">m</q>
			<q id="4" qp="q5">a</q>
			<q id="5" qp="q6">l</q>
		</Palavra>
		<Palavra id="2">
			<q id="0" qp="q1">m</q>
			<q id="1" qp="q2">a</q>
			<q id="2" qp="q3">m</q>
			<q id="3" qp="q4">i</q>
			<q id="4" qp="q5">f</q>
			<q id="5" qp="q6">e</q>
			<q id="6" qp="q7">r</q>
			<q id="7" qp="q8">o</q>
		</Palavra>
	</Arquivo>
	<Arquivo id="4" tipo="" caminho="Files/">
		<Palavra id="0">
		</Palavra>
		<Palavra id="1">
		</Palavra>
		<Palavra id="2">
		</Palavra>
	</Arquivo>
</Automato>